GPUs per DC,Baseline,Slow Pace,Fast Pace,Fast + Slow Pace
6,412.673,411.027,459.315,449.443
9,444.310005,444.081,491.475,479.696
12,312.11197,316.004,354.037,346.438
15,434.529,432.811,477.465,471.225
